<?xml version="1.0" encoding="utf-8"?>
<protocol name="game_info" version="2.16" wgc_publisher_id="wargaming">
    <game>
        <id>WOWS.WW.PRODUCTION</id>
        <index>0</index>
        <installed>true</installed>
        <localization>ZH_SG</localization>
        <content_localizations>
            <content_localization realm="eu">zh_sg</content_localization>
        </content_localizations>
        <client_type>high</client_type>
        <show_guide>false</show_guide>
        <update_urls>
            <value>https://wgus-eu.wargaming.net/</value>
        </update_urls>
        <corrupt_parts/>
        <part_versions>
            <version name="client" installed="13.11.0.0.9251401" available="13.11.0.0.9251401"/>
            <version name="hotfix" installed="13.11.0.0.9251401" available="13.11.0.0.9251401"/>
            <version name="locale" installed="13.11.0.0.9251401" available="13.11.0.0.9251401"/>
            <version name="sdcontent" installed="13.11.0.0.9251401" available="13.11.0.0.9251401"/>
        </part_versions>
        <parameters>
            <value name="preinstall_balloon_shown">false</value>
        </parameters>
        <dlc/>
        <in_game_overlay>true</in_game_overlay>
        <accepted_preinstalls/>
        <available_content_languages>
            <language_id>cs</language_id>
            <language_id>de</language_id>
            <language_id>en</language_id>
            <language_id>fr</language_id>
            <language_id>it</language_id>
            <language_id>pl</language_id>
            <language_id>ru</language_id>
            <language_id>zh_sg</language_id>
        </available_content_languages>
    </game>
</protocol>
