<protocol name="app_metadata" version="7.0">
    <version>20230814110328</version>
    <predefined_section>
		<app_id public="true">WOWS.WW.PRODUCTION</app_id>
		<chain_id>f21</chain_id>
		<supported_languages>RU,EN,DE,PL,FR,ES,CS,IT,TR,NL,JA,KO,ZH_TW,TH,PT_BR,ES_MX,UK,ZH_SG</supported_languages>
		<default_language>EN</default_language>
		<name>World of Warships</name>
		<fs_name>World_of_Warships</fs_name>
		<executables>
			<executable>WorldOfWarships.exe</executable>
		</executables>
		<launch_options>
			<option id="SAFE_MODE">--safe</option>
			<option id="RESET_ALL">--ra</option>
			<option id="WOWS_32">--force-32</option>
			<option id="WOWS_64">--force-64</option>
			<option id="WGCHECK">--wgcheck</option>
		</launch_options>
		<keep_patches_interval>0</keep_patches_interval>
		<max_unpacking_threads_ssd>4</max_unpacking_threads_ssd>
		<max_unpacking_threads_hdd>4</max_unpacking_threads_hdd>
		<multiplier_unpacking_threads_ssd>0.5</multiplier_unpacking_threads_ssd>
		<multiplier_unpacking_threads_hdd>0.5</multiplier_unpacking_threads_hdd>
		<client_types default="high">
			<client_type aliases="full" arch="x64" id="high">
				<initial_app_type>incomplete</initial_app_type>
				<final_app_type>high</final_app_type>
				<min_supported_os>Win7</min_supported_os>
				<required_redistributables>
					<value elevation_required="true">vc2019</value>
					<value elevation_required="true">vc2019_x64</value>
				</required_redistributables>
				<client_parts>
					<client_part id="client" integrity="true" />
					<client_part id="locale" integrity="true" />
					<client_part id="sdcontent" integrity="true" />
					<client_part app_type="high" id="hotfix" integrity="true" />
				</client_parts>
			</client_type>
		</client_types>
		<login_enabled>true</login_enabled>
		<realms_settings>
			<instances>
				<instance default="true" id="wows_eu">
					<platform_realm_id>eu</platform_realm_id>
					<game_id>wows</game_id>
					<title_id>eu.wows</title_id>
					<options>
						<option key="build_type">prod</option>
						<option key="client_realm">eu</option>
					</options>
					<content_service_url>http://wguscs.worldofwarships.eu/</content_service_url>
					<common_agreements>
						<agreement id="eu_eula" />
					</common_agreements>
					<common_commerce_agreements>
						<agreement id="eu_eula" />
					</common_commerce_agreements>
					<features>
						<feature enabled="true" id="game_pages_targeting" />
						<feature enabled="true" id="buy_game_items" />
					</features>
				</instance>
				<instance id="wows_asia">
					<platform_realm_id>asia</platform_realm_id>
					<game_id>wows</game_id>
					<title_id>sg.wows</title_id>
					<options>
						<option key="build_type">prod</option>
						<option key="client_realm">asia</option>
					</options>
					<content_service_url>http://wguscs.worldofwarships.asia/</content_service_url>
					<common_agreements>
						<agreement id="asia_eula" />
					</common_agreements>
					<common_commerce_agreements>
						<agreement id="asia_eula" />
					</common_commerce_agreements>
					<features>
						<feature enabled="true" id="game_pages_targeting" />
						<feature enabled="true" id="buy_game_items" />
					</features>
				</instance>
				<instance id="wows_na">
					<platform_realm_id>na</platform_realm_id>
					<game_id>wows</game_id>
					<title_id>us.wows</title_id>
					<options>
						<option key="build_type">prod</option>
						<option key="client_realm">na</option>
					</options>
					<content_service_url>http://wguscs.worldofwarships.com/</content_service_url>
					<common_agreements>
						<agreement id="na_eula" />
					</common_agreements>
					<common_commerce_agreements>
						<agreement id="na_eula" />
					</common_commerce_agreements>
					<features>
						<feature enabled="true" id="game_pages_targeting" />
						<feature enabled="true" id="buy_game_items" />
					</features>
				</instance>
				<instance id="wows_ru">
					<platform_realm_id>ru</platform_realm_id>
					<game_id>wows</game_id>
					<title_id>ru.wows</title_id>
					<options>
						<option key="build_type">prod</option>
						<option key="client_realm">ru</option>
					</options>
					<content_service_url>http://wguscs.worldofwarships.ru/</content_service_url>
					<common_agreements>
						<agreement id="ru_eula" />
					</common_agreements>
					<common_commerce_agreements>
						<agreement id="ru_eula" />
					</common_commerce_agreements>
					<features>
						<feature enabled="true" id="game_pages_targeting" />
						<feature enabled="true" id="buy_game_items" />
					</features>
				</instance>
			</instances>
		</realms_settings>
		<localization>
			<item id="HIGH__NAME">
				<text xml:lang="ru">Клиент с высоким качеством звука.</text>
				<text xml:lang="en">Game client with high-quality sound.</text>
				<text xml:lang="de">Spielclient mit qualitativ hochwertigem Ton.</text>
				<text xml:lang="pl">Klient gry z wysoką jakością dźwięku.</text>
				<text xml:lang="fr">Client du jeu avec une qualité audio élevée.</text>
				<text xml:lang="es">Cliente del juego con sonido de alta calidad.</text>
				<text xml:lang="cs">Herní klient s vysoce kvalitním zvukem.</text>
				<text xml:lang="it">Il client di gioco con audio in alta qualità.</text>
				<text xml:lang="tr">Yüksek kaliteli sese sahip oyun istemcisi.</text>
				<text xml:lang="nl">De spelclient met hoogkwaliteit geluid.</text>
				<text xml:lang="ja">高品質サウンドのゲームクライアント</text>
				<text xml:lang="ko">고품질 사운드 클라이언트입니다.</text>
				<text xml:lang="zh-SG">高音质游戏客户端。</text>
				<text xml:lang="zh-TW">高音質的遊戲客戶端</text>
				<text xml:lang="th">โปรแกรมลูกข่ายเกมที่มีเสียงคุณภาพสูง</text>
				<text xml:lang="pt-BR">Cliente do jogo com qualidade alta de som.</text>
				<text xml:lang="es-MX">Cliente del juego con sonido de alta calidad.</text>
				<text xml:lang="uk">Клієнт гри з високою якістю звуку.</text>
			</item>
			<item id="HIGH__SHORT_NAME">
				<text xml:lang="ru">HIGH</text>
				<text xml:lang="en">HIGH</text>
				<text xml:lang="de">HOCH</text>
				<text xml:lang="pl">WYSOKA</text>
				<text xml:lang="fr">ÉLEVÉE</text>
				<text xml:lang="es">ALTA</text>
				<text xml:lang="cs">VYSOKÁ</text>
				<text xml:lang="it">ALTA</text>
				<text xml:lang="tr">YÜKSEK</text>
				<text xml:lang="nl">HOOG</text>
				<text xml:lang="ja">高</text>
				<text xml:lang="ko">높음</text>
				<text xml:lang="zh-SG">高</text>
				<text xml:lang="zh-TW">高</text>
				<text xml:lang="th">สูง</text>
				<text xml:lang="pt-BR">ALTA</text>
				<text xml:lang="es-MX">ALTA</text>
				<text xml:lang="uk">HIGH</text>
			</item>
			<item id="HIGH__DESCRIPTION">
				<text xml:lang="ru">Клиент с высоким качеством звуков включает в себя звуковые эффекты высокого качества.</text>
				<text xml:lang="en">The game client with high-quality sound includes sound effects of high quality.</text>
				<text xml:lang="de">Der Spielclient mit qualitativ hochwertigem Ton beinhaltet Toneffekte hoher Qualität.</text>
				<text xml:lang="pl">Klient gry z wysoką jakością dźwięku, efekty specjalne i inne dźwięku w wysokiej jakości.</text>
				<text xml:lang="fr">Le client du jeu avec une qualité audio élevée comporte des effets audio de qualité élevée.</text>
				<text xml:lang="es">El cliente del juego con sonido de alta calidad incluye efectos de sonido de alta calidad.</text>
				<text xml:lang="cs">Herní klient s vysoce kvalitním zvukem obsahuje zvukové efekty ve vysoké kvalitě.</text>
				<text xml:lang="it">Il client di gioco con audio in alta qualità include effetti speciali e svariati suoni in qualità elevata.</text>
				<text xml:lang="tr">Yüksek kaliteli sese sahip oyun istemcisi, yüksek kaliteli ses efektleri içerir.</text>
				<text xml:lang="nl">De spelclient met hoogkwaliteit geluid bevat geluidseffecten van hoge kwaliteit.</text>
				<text xml:lang="ja">高品質サウンドのゲームクライアントには、高品質の効果音が含まれます。</text>
				<text xml:lang="ko">특수 효과음을 포함한 다양한 사운드가 높은 품질로 재생되는 클라이언트입니다.</text>
				<text xml:lang="zh-SG">高音质游戏客户端，包含高质量的声音效果。</text>
				<text xml:lang="zh-TW">高音質的遊戲客戶端也包含著高品質的音效。</text>
				<text xml:lang="th">โปรแกรมลูกข่ายเกมที่มีเสียงคุณภาพสูงโดยรวมเอฟเฟคเสียงคุณภาพสูงไว้ด้วย</text>
				<text xml:lang="pt-BR">O cliente do jogo com qualidade alta de som inclui efeitos sonoros de alta qualidade.</text>
				<text xml:lang="es-MX">El cliente del juego con sonido de alta calidad incluye efectos de sonido de buena calidad.</text>
				<text xml:lang="uk">Клієнт гри із високою якістю звуку містить у собі звукові ефекти високої якості.</text>
			</item>
			<item id="HIGH__LOCALE__TITLE">
				<text xml:lang="ru">Мини-клиент</text>
				<text xml:lang="en">Mini Client</text>
				<text xml:lang="de">Mini-Client</text>
				<text xml:lang="pl">Mini klient</text>
				<text xml:lang="fr">Mini-client</text>
				<text xml:lang="es">Minicliente</text>
				<text xml:lang="cs">Mini klient</text>
				<text xml:lang="it">Client Mini</text>
				<text xml:lang="tr">Mini İstemci</text>
				<text xml:lang="nl">Mini client</text>
				<text xml:lang="ja">ミニクライアント</text>
				<text xml:lang="ko">미니 클라이언트</text>
				<text xml:lang="zh-SG">迷你客户端</text>
				<text xml:lang="zh-TW">迷你客戶端</text>
				<text xml:lang="th">โปรแกรมลูกข่ายแบบย่อ</text>
				<text xml:lang="pt-BR">Cliente Principal</text>
				<text xml:lang="es-MX">Minicliente</text>
				<text xml:lang="uk">Міні-клієнт гри</text>
			</item>
			<item id="HIGH__LOCALE__INFO_BEFORE_INSTALL_TEXT">
				<text xml:lang="ru">Вы получите доступ к боевому обучению и технике начальных уровней</text>
				<text xml:lang="en">You will receive access to Battle Training and vehicles of starting tiers</text>
				<text xml:lang="de">Sie erhalten Zugang zur Gefechtsausbildung und den Fahrzeugen der Einstiegsstufen</text>
				<text xml:lang="pl">Otrzymasz dostęp do bitwy treningowej i pojazdów niższych poziomów.</text>
				<text xml:lang="fr">Vous pourrez accéder aux batailles d'entraînement et véhicules de premiers rangs</text>
				<text xml:lang="es">Obtendrás acceso al entrenamiento de batalla y vehículos de niveles iniciales</text>
				<text xml:lang="cs">Získáte přístup k bojovému výcviku a vozidlům počátečních úrovní</text>
				<text xml:lang="it">Avrai accesso all'Addestramento di Battaglia e ai veicoli di livello iniziale</text>
				<text xml:lang="tr">Savaş Eğitimi ve başlangıç seviyeleri araçlarına erişiminiz olacak</text>
				<text xml:lang="nl">Je zult toegang krijgen tot Gevechtstraining en voertuigen van startniveaus</text>
				<text xml:lang="ja">戦闘訓練および初期 Tier 車輌を利用可能になります</text>
				<text xml:lang="ko">전투 훈련 및 시작 단계 전차를 이용할 수 있는 클라이언트입니다.</text>
				<text xml:lang="zh-SG">您将获得训练模式和初级战车的使用权限。</text>
				<text xml:lang="zh-TW">您將可以使用戰鬥訓練及入門階級的車輛</text>
				<text xml:lang="th">คุณจะได้เลือกให้เข้าการฝึกรบและใช้พาหนะระดับเริ่มต้นได้</text>
				<text xml:lang="pt-BR">Você receberá acesso às Batalhas de Treinamento e aos veículos de níveis iniciais</text>
				<text xml:lang="es-MX">Recibirás acceso al Entrenamiento de Batalla y a vehículos de los niveles iniciales</text>
				<text xml:lang="uk">Ви матимете доступ до бойового навчання і техніки початкових рівнів</text>
			</item>
			<item id="HIGH__LOCALE__INFO_AFTER_INSTALL_TITLE">
				<text xml:lang="ru">Начинайте играть!</text>
				<text xml:lang="en">Start Playing!</text>
				<text xml:lang="de">Spielen!</text>
				<text xml:lang="pl">Rozpocznij grę!</text>
				<text xml:lang="fr">Commencer à jouer !</text>
				<text xml:lang="es">¡Comienza a jugar!</text>
				<text xml:lang="cs">Začněte hrát!</text>
				<text xml:lang="it">Inizia a giocare!</text>
				<text xml:lang="tr">Oynamaya Başlayın!</text>
				<text xml:lang="nl">Start met spelen!</text>
				<text xml:lang="ja">プレイ開始!</text>
				<text xml:lang="ko">게임 플레이!</text>
				<text xml:lang="zh-SG">开始游戏！</text>
				<text xml:lang="zh-TW">開始暢玩！</text>
				<text xml:lang="th">เริ่มเล่น!</text>
				<text xml:lang="pt-BR">Comece a Jogar!</text>
				<text xml:lang="es-MX">¡Comienza a Jugar!</text>
				<text xml:lang="uk">Починайте грати!</text>
			</item>
			<item id="HIGH__LOCALE__INFO_AFTER_INSTALL_TEXT">
				<text xml:lang="ru">У вас уже есть доступ к боевому обучению и технике начальных уровней</text>
				<text xml:lang="en">You now have access to Battle Training and vehicles of starting tiers</text>
				<text xml:lang="de">Sie haben Zugang zur Gefechtsausbildung und den Fahrzeugen der Einstiegsstufen</text>
				<text xml:lang="pl">Masz teraz dostęp do bitwy treningowej i pojazdów niższych poziomów.</text>
				<text xml:lang="fr">Vous avez maintenant accès aux batailles d'entraînement et véhicules de premiers rangs</text>
				<text xml:lang="es">Ahora tienes acceso al entrenamiento de batalla y vehículos de niveles iniciales</text>
				<text xml:lang="cs">Nyní máte přístup k bojovému výcviku a vozidlům počátečních úrovní</text>
				<text xml:lang="it">Hai ora accesso all'Addestramento di Battaglia e ai veicoli di livello iniziale</text>
				<text xml:lang="tr">Artık Savaş Eğitimi ve başlangıç seviyeleri araçlarına erişiminiz var</text>
				<text xml:lang="nl">Je hebt nu toegang tot Gevechtstraining en voertuigen van startniveaus</text>
				<text xml:lang="ja">戦闘訓練および初期 Tier 車輌を利用可能になりました</text>
				<text xml:lang="ko">이제 전투 훈련 및 시작 단계 전차를 이용할 수 있습니다.</text>
				<text xml:lang="zh-SG">您现在已获得训练模式和初级战车的使用权限。</text>
				<text xml:lang="zh-TW">您現在已可以使用戰鬥訓練及入門階級的車輛</text>
				<text xml:lang="th">ตอนนี้คุณสามารถเข้าการฝึกรบและใช้พาหนะระดับเริ่มต้นได้</text>
				<text xml:lang="pt-BR">Agora você tem acesso às Batalhas de Treinamento e aos veículos de níveis iniciais</text>
				<text xml:lang="es-MX">Recibirás acceso al Entrenamiento de Batalla y a vehículos de los niveles iniciales</text>
				<text xml:lang="uk">Ви вже маєте доступ до бойового навчання і техніки початкових рівнів</text>
			</item>
			<item id="LAUNCH_OPTION_TITLE__WOWS_32">
				<text xml:lang="ru">Запуск x86 клиента игры</text>
				<text xml:lang="en">Launching x86 game client</text>
				<text xml:lang="de">Einführung des x86 Game Clients</text>
				<text xml:lang="pl">Uruchamianie klienta gry x86</text>
				<text xml:lang="fr">Lancement du client du jeu x86</text>
				<text xml:lang="es">Lanzamiento del cliente del juego x86</text>
				<text xml:lang="cs">Spuštění herního klienta x86</text>
				<text xml:lang="it">Avvio del client di gioco x86</text>
				<text xml:lang="tr">x86 oyun istemcisi başlatılıyor</text>
				<text xml:lang="nl">De x86-spelclient wordt opgestart</text>
				<text xml:lang="ja">x86 ゲームクライアントを実行中</text>
				<text xml:lang="ko">x86 게임 클라이언트 실행</text>
				<text xml:lang="zh-SG">启动x86游戏客户端</text>
				<text xml:lang="zh-TW">啟動x86遊戲客戶端</text>
				<text xml:lang="th">กำลังเปิดโปรแกรมลูกข่ายเกม x86</text>
				<text xml:lang="pt-BR">Iniciando o cliente de jogo x86</text>
				<text xml:lang="es-MX">Ejecutando cliente del juego x86</text>
				<text xml:lang="uk">Запуск 32-бітного клієнта гри</text>
			</item>
			<item id="LAUNCH_OPTION_DESCRIPTION__WOWS_32">
				<text xml:lang="ru">Запустится 32-битная версия клиента игры</text>
				<text xml:lang="en">32-bit version of the game client will be launched</text>
				<text xml:lang="de">Es wird eine 32-Bit-Version des Game Clients eingeführt.</text>
				<text xml:lang="pl">Uruchomiona zostanie 32-bitowa wersja klienta gry</text>
				<text xml:lang="fr">La version 32-bit du client du jeu sera lancée</text>
				<text xml:lang="es">Se lanzará la versión de 32 bits del cliente del juego</text>
				<text xml:lang="cs">Spustí se 32bitová verze herního klienta</text>
				<text xml:lang="it">Sarà avviata la versione a 32 bit del client di gioco</text>
				<text xml:lang="tr">Oyun istemcisinin 32 bitlik sürümü başlatılacak</text>
				<text xml:lang="nl">De 32-bit versie van de spelclient zal worden opgestart</text>
				<text xml:lang="ja">32-bit 版のゲームクライアントを実行します</text>
				<text xml:lang="ko">32비트 버전 게임 클라이언트 실행</text>
				<text xml:lang="zh-TW">32位元的遊戲客戶端即將啟動</text>
				<text xml:lang="zh-SG">将启动32位版的游戏客户端</text>
				<text xml:lang="th">จะทำการเปิดโปรแกรมลูกข่ายเกมเวอร์ชัน 32 บิต</text>
				<text xml:lang="pt-BR">Versão 32 bits do cliente de jogo será executada</text>
				<text xml:lang="es-MX">Se ejecutará la versión de 32-bit del cliente del juego</text>
				<text xml:lang="uk">Запуститься 32-бітна версія клієнта гри</text>
			</item>
			<item id="LAUNCH_OPTION_TITLE__WOWS_64">
				<text xml:lang="ru">Запуск x64 клиента игры</text>
				<text xml:lang="en">Launching x64 game client</text>
				<text xml:lang="de">Einführung des x64 Game Clients</text>
				<text xml:lang="pl">Uruchamianie klienta gry x64</text>
				<text xml:lang="fr">Lancement du client du jeu x64</text>
				<text xml:lang="es">Lanzamiento del cliente del juego x64</text>
				<text xml:lang="cs">Spuštění herního klienta x64</text>
				<text xml:lang="it">Avvio del client di gioco x64</text>
				<text xml:lang="tr">x64 oyun istemcisi başlatılıyor</text>
				<text xml:lang="nl">De x64-spelclient wordt opgestart</text>
				<text xml:lang="ja">x64 ゲームクライアントを実行中</text>
				<text xml:lang="ko">x64 게임 클라이언트 실행</text>
				<text xml:lang="zh-SG">正在启动x64游戏客户端</text>
				<text xml:lang="zh-TW">啟動x64遊戲客戶端</text>
				<text xml:lang="th">กำลังเปิดโปรแกรมลูกข่ายเกม x64</text>
				<text xml:lang="pt-BR">Iniciando o cliente de jogo x64</text>
				<text xml:lang="es-MX">Ejecutando cliente del juego x64</text>
				<text xml:lang="uk">Запуск 64-бітного клієнта гри</text>
			</item>
			<item id="LAUNCH_OPTION_DESCRIPTION__WOWS_64">
				<text xml:lang="ru">Запустится 64-битная версия клиента игры</text>
				<text xml:lang="en">64-bit version of the game client will be launched</text>
				<text xml:lang="de">Es wird eine 64-Bit-Version des Game Clients eingeführt.</text>
				<text xml:lang="pl">Uruchomiona zostanie 64-bitowa wersja klienta gry</text>
				<text xml:lang="fr">La version 64-bit du client du jeu sera lancée</text>
				<text xml:lang="es">Se lanzará la versión de 64 bits del cliente del juego</text>
				<text xml:lang="cs">Spustí se 64bitová verze herního klienta</text>
				<text xml:lang="it">Sarà avviata la versione a 64 bit del client di gioco</text>
				<text xml:lang="tr">Oyun istemcisinin 64 bitlik sürümü başlatılacak</text>
				<text xml:lang="nl">De 64-bit versie van de spelclient zal worden opgestart</text>
				<text xml:lang="ja">64-bit 版のゲームクライアントを実行します</text>
				<text xml:lang="ko">64비트 버전 게임 클라이언트 실행</text>
				<text xml:lang="zh-SG">将启动64位版的游戏客户端</text>
				<text xml:lang="zh-TW">64位元的遊戲客戶端即將啟動</text>
				<text xml:lang="th">จะทำการเปิดโปรแกรมลูกข่ายเกมเวอร์ชัน 64 บิต</text>
				<text xml:lang="pt-BR">Versão 64 bits do cliente de jogo será executada</text>
				<text xml:lang="es-MX">Se ejecutará la versión de 64-bit del cliente del juego</text>
				<text xml:lang="es-MX">Se ejecutará la versión de 64-bit del cliente del juego</text>
				<text xml:lang="uk">Запуститься 64-бітна версія клієнта гри</text>
			</item>
			<item id="LAUNCH_OPTION_TITLE__SAFE_MODE">
				<text xml:lang="ru">Запуск игры без модификаций</text>
				<text xml:lang="en">Launch the game in safe mode</text>
				<text xml:lang="de">Spiel im abgesicherten Modus starten</text>
				<text xml:lang="pl">Uruchom grę w trybie bezpiecznym</text>
				<text xml:lang="fr">Lancer le jeu en mode sans échec</text>
				<text xml:lang="es">Ejecuta el juego en modo seguro</text>
				<text xml:lang="cs">Spustit hru v bezpečném režimu</text>
				<text xml:lang="it">Avvia il gioco in modalità sicura</text>
				<text xml:lang="tr">Oyunu güvenli kipte başlatın</text>
				<text xml:lang="nl">Het spel in veilige modus starten</text>
				<text xml:lang="ja">セーフモードでゲームを起動</text>
				<text xml:lang="ko">안전 모드로 게임 실행</text>
				<text xml:lang="zh-SG">安全模式下启动游戏</text>
				<text xml:lang="zh-TW">在安全模式下啟動遊戲</text>
				<text xml:lang="th">เริ่มเกมในแบบปลอดภัย</text>
				<text xml:lang="pt-BR">Execute o jogo em modo de segurança</text>
				<text xml:lang="es-MX">Abrir el juego en modo seguro</text>
				<text xml:lang="uk">Запуск гри без модифікацій</text>
			</item>
			<item id="LAUNCH_OPTION_DESCRIPTION__SAFE_MODE">
				<text xml:lang="ru">Игра запустится без установленных модификаций клиента.</text>
				<text xml:lang="en">Any installed game client modifications will be ignored.</text>
				<text xml:lang="de">Sämtliche installierten Modifikationen des Spielclients werden ignoriert.</text>
				<text xml:lang="pl">Wszystkie modyfikacje klienta gry zostaną zignorowane.</text>
				<text xml:lang="fr">Toutes les modifications du client du jeu seront ignorées.</text>
				<text xml:lang="es">El juego se ejecutará sin modificaciones instaladas.</text>
				<text xml:lang="cs">Jakékoliv nainstalované modifikace herního klienta budou ignorovány.</text>
				<text xml:lang="it">Tutte le modifiche del client di gioco installate saranno ignorate.</text>
				<text xml:lang="tr">Tüm kurulu oyun modifikasyonları göz ardı edilecektir.</text>
				<text xml:lang="nl">Elke geïnstalleerde aanpassing van de spelclient zal worden genegeerd.</text>
				<text xml:lang="ja">インストールされているゲームクライアント Mod を全て無視します。</text>
				<text xml:lang="ko">설치된 제삼자 게임 모드를 무시합니다.</text>
				<text xml:lang="zh-SG">将忽略任何对客户端文件的改动。</text>
				<text xml:lang="zh-TW">任何已安裝的遊戲客戶端模組將會被忽略。</text>
				<text xml:lang="th">การปรับเปลี่ยนโปรแกรมลูกข่ายที่ติดตั้งไว้ใดๆก็ตามจะถูกเพิกเฉย</text>
				<text xml:lang="pt-BR">Qualquer modificação instalada no jogo será ignorada.</text>
				<text xml:lang="es-MX">Cualquier modificación del juego instalada será ignorada.</text>
				<text xml:lang="uk">Гра запуститься без встановлених модифікацій клієнта гри.</text>
			</item>
			<item id="LAUNCH_OPTION_TITLE__RESET_ALL">
				<text xml:lang="ru">Запуск игры со сбросом настроек</text>
				<text xml:lang="en">Launch the game with settings reset</text>
				<text xml:lang="de">Spiel mit Standardeinstellungen starten</text>
				<text xml:lang="pl">Włącz grę ze zresetowanymi ustawieniami</text>
				<text xml:lang="fr">Lancer le jeu avec remise à zéro des paramètres</text>
				<text xml:lang="es">Ejecuta el juego con los ajustes reiniciados</text>
				<text xml:lang="cs">Spustit hru s vynulovaným nastavením</text>
				<text xml:lang="it">Avvia il gioco ripristinando le impostazioni</text>
				<text xml:lang="tr">Oyunu ayarlar sıfırlanmış olarak başlat</text>
				<text xml:lang="nl">Het spel met geresette instellingen starten</text>
				<text xml:lang="ja">設定をリセットしてゲームを起動</text>
				<text xml:lang="ko">설정 초기화하여 게임 실행</text>
				<text xml:lang="zh-SG">以重置设定启动游戏</text>
				<text xml:lang="zh-TW">啟動遊戲並重置設定</text>
				<text xml:lang="th">เปิดเกมพร้อมกับปรับการตั้งค่าใหม่</text>
				<text xml:lang="pt-BR">Executar o jogo com configurações restauradas</text>
				<text xml:lang="es-MX">Abrir el juego reiniciando las opciones</text>
				<text xml:lang="uk">Запустити гру зі скиданням налаштувань</text>
			</item>
			<item id="LAUNCH_OPTION_DESCRIPTION__RESET_ALL">
				<text xml:lang="ru">Игра запустится со стандартными настройками, без модификаций. Все ваши настройки будут сброшены.</text>
				<text xml:lang="en">The game will be launched with default settings, without any modifications. All your settings will be reset.</text>
				<text xml:lang="de">Das Spiel wird mit Standardeinstellungen gestartet, ohne jegliche Modifikationen. Ihre Einstellungen werden zurückgesetzt.</text>
				<text xml:lang="pl">Gra zostanie uruchomiona z domyślnymi ustawieniami, bez żadnych modyfikacji. Wszystkie ustawienia zostaną zresetowane.</text>
				<text xml:lang="fr">Le jeu sera lancé avec les paramètres par défaut et sans aucune modification. Tous vos paramètres seront remis à zéro.</text>
				<text xml:lang="es">El juego se ejecutará con los ajustes por defecto, sin ninguna modificación. Se reiniciarán todos tus ajustes.</text>
				<text xml:lang="cs">Hra bude spuštěna s výchozím nastavením, bez jakýchkoliv modifikací. Všechna vaše nastavení budou vynulována.</text>
				<text xml:lang="it">Il gioco sarà avviato con le impostazioni predefinite, senza alcuna modifica. Tutte le tue impostazioni saranno azzerate.</text>
				<text xml:lang="tr">Oyun varsayılan ayarlarla, herhangi bir değişiklik olmadan başlatılacak. Tüm ayarlarınız sıfırlanacak.</text>
				<text xml:lang="nl">Het spel zal gestart worden met standaard instellingen, zonder enige aanpassingen. Al je instellingen zullen gereset worden.</text>
				<text xml:lang="ja">ゲームを初期設定かつ Mod なしの状態で起動します。全ての設定がリセットされます。</text>
				<text xml:lang="ko">변경 사항이 적용되지 않은 기본 설정으로 게임이 실행됩니다. 모든 설정이 초기화됩니다.</text>
				<text xml:lang="zh-SG">游戏将以修改前的默认设定启动。您的所有设定改动都将被重置。</text>
				<text xml:lang="zh-TW">將會以預設的設定來啟動遊戲，不會有任何模組。您所有的設定都會被重置。</text>
				<text xml:lang="th">เกมจะถูกเปิดโดยใช้การตั้งค่ามาตรฐานและไม่มีตัวดัดแปลงใดๆ การตั้งค่าของคุณทั้งหมดที่ทำไว้จะถูกตั้งใหม่</text>
				<text xml:lang="pt-BR">O jogo será executado com as configurações padrão, sem quaisquer modificações. Todas as suas configurações serão restauradas.</text>
				<text xml:lang="es-MX">El juego se abrirá con las opciones por defecto, sin ninguna modificación. Todos tus ajustes serán reiniciados.</text>
				<text xml:lang="uk">Гра запуститься зі стандартними налаштуваннями, без модифікацій. Всі ваші налаштування буде скинуто.</text>
			</item>
			<item id="LAUNCH_OPTION_TITLE__WGCHECK">
				<text xml:lang="ru">Собрать отчет WGCheck</text>
				<text xml:lang="en">Generate WGCheck report</text>
				<text xml:lang="de">WGCheck-Bericht erstellen</text>
				<text xml:lang="pl">Wygeneruj raport WGCheck</text>
				<text xml:lang="fr">Générer un rapport WGCheck</text>
				<text xml:lang="es">Generar informe de WGCheck</text>
				<text xml:lang="cs">Vygenerovat report WGCheck</text>
				<text xml:lang="it">Genera rapporto WGCheck</text>
				<text xml:lang="tr">WGCheck raporu oluştur</text>
				<text xml:lang="nl">Genereer een WGCheck-rapport</text>
				<text xml:lang="ja">WGCheck レポート生成</text>
				<text xml:lang="ko">WGCheck 보고서 생성</text>
				<text xml:lang="zh-SG">生成WGCheck报告</text>
				<text xml:lang="zh-TW">生成WGCheck報告</text>
				<text xml:lang="th">สร้างรายงาน WGCheck</text>
				<text xml:lang="pt-BR">Gerar relatório WGCheck</text>
				<text xml:lang="es-MX">Generar reporte WGCheck</text>
				<text xml:lang="uk">Сформувати звіт WGCheck</text>
			</item>
			<item id="LAUNCH_OPTION_DESCRIPTION__WGCHECK">
				<text xml:lang="ru">Собрать отчет WGCheck</text>
				<text xml:lang="en">Generate WGCheck report</text>
				<text xml:lang="de">WGCheck-Bericht erstellen</text>
				<text xml:lang="pl">Wygeneruj raport WGCheck</text>
				<text xml:lang="fr">Générer un rapport WGCheck</text>
				<text xml:lang="es">Generar informe de WGCheck</text>
				<text xml:lang="cs">Vygenerovat report WGCheck</text>
				<text xml:lang="it">Genera rapporto WGCheck</text>
				<text xml:lang="tr">WGCheck raporu oluştur</text>
				<text xml:lang="nl">Genereer een WGCheck-rapport</text>
				<text xml:lang="ja">WGCheck レポート生成</text>
				<text xml:lang="ko">WGCheck 보고서 생성</text>
				<text xml:lang="zh-SG">生成WGCheck报告</text>
				<text xml:lang="zh-TW">生成WGCheck報告</text>
				<text xml:lang="th">สร้างรายงาน WGCheck</text>
				<text xml:lang="pt-BR">Gerar relatório WGCheck</text>
				<text xml:lang="es-MX">Generar reporte WGCheck</text>
				<text xml:lang="uk">Сформувати звіт WGCheck</text>
			</item>
		</localization>
	</predefined_section>

    <generated_section>
        <launch_access forbidden="false">
            
        </launch_access>
        <stop_supporting>False</stop_supporting>
    </generated_section>
</protocol>
